{
  "overall_metrics": {
    "domain_confusion_rate": 0.5850658422539464,
    "specificity_when_correct": 0.23366472409011138,
    "domain_correct_specific_rate": 0.23286802030456855,
    "domain_correct_vague_rate": 0.18083756345177665,
    "domain_wrong_rate": 0.5831218274111675,
    "refusal_rate": 0.0031725888324873096,
    "domain_correct_specific": 137.625,
    "domain_correct_vague": 106.875,
    "domain_wrong": 344.625,
    "refuses": 1.875,
    "total": 591.0
  },
  "metrics_by_verbalizer": {
    "adam-reupload-qwen3-8b-full-mix-synthetic-qa-v3-replace-lqa": {
      "domain_confusion_rate": 0.6582064297800339,
      "specificity_when_correct": 0.2639593908629442,
      "domain_correct_specific_rate": 0.2639593908629442,
      "domain_correct_vague_rate": 0.077834179357022,
      "domain_wrong_rate": 0.6582064297800339,
      "refusal_rate": 0.0,
      "domain_correct_specific": 156,
      "domain_correct_vague": 46,
      "domain_wrong": 389,
      "refuses": 0,
      "total": 591.0
    },
    "adam-reupload-qwen3-8b-latentqa-cls-past-lens": {
      "domain_confusion_rate": 0.4365482233502538,
      "specificity_when_correct": 0.20135363790186125,
      "domain_correct_specific_rate": 0.20135363790186125,
      "domain_correct_vague_rate": 0.36209813874788493,
      "domain_wrong_rate": 0.4365482233502538,
      "refusal_rate": 0.0,
      "domain_correct_specific": 119,
      "domain_correct_vague": 214,
      "domain_wrong": 258,
      "refuses": 0,
      "total": 591.0
    },
    "cot-oracle-grpo-step-500": {
      "domain_confusion_rate": 0.4322033898305085,
      "specificity_when_correct": 0.27288135593220336,
      "domain_correct_specific_rate": 0.272419627749577,
      "domain_correct_vague_rate": 0.29441624365482233,
      "domain_wrong_rate": 0.43147208121827413,
      "refusal_rate": 0.001692047377326565,
      "domain_correct_specific": 161,
      "domain_correct_vague": 174,
      "domain_wrong": 255,
      "refuses": 1,
      "total": 591.0
    },
    "cot-oracle-paper-ablation-adam-recipe-1layer": {
      "domain_confusion_rate": 0.6362098138747885,
      "specificity_when_correct": 0.15228426395939088,
      "domain_correct_specific_rate": 0.15228426395939088,
      "domain_correct_vague_rate": 0.21150592216582065,
      "domain_wrong_rate": 0.6362098138747885,
      "refusal_rate": 0.0,
      "domain_correct_specific": 90,
      "domain_correct_vague": 125,
      "domain_wrong": 376,
      "refuses": 0,
      "total": 591.0
    },
    "cot-oracle-paper-ablation-ours-1layer": {
      "domain_confusion_rate": 0.6345177664974619,
      "specificity_when_correct": 0.23181049069373943,
      "domain_correct_specific_rate": 0.23181049069373943,
      "domain_correct_vague_rate": 0.13367174280879865,
      "domain_wrong_rate": 0.6345177664974619,
      "refusal_rate": 0.0,
      "domain_correct_specific": 137,
      "domain_correct_vague": 79,
      "domain_wrong": 375,
      "refuses": 0,
      "total": 591.0
    },
    "cot-oracle-paper-ablation-ours-3layers-onpolicy-lens-only": {
      "domain_confusion_rate": 0.6256499133448874,
      "specificity_when_correct": 0.24956672443674177,
      "domain_correct_specific_rate": 0.2436548223350254,
      "domain_correct_vague_rate": 0.1218274111675127,
      "domain_wrong_rate": 0.61082910321489,
      "refusal_rate": 0.023688663282571912,
      "domain_correct_specific": 144,
      "domain_correct_vague": 72,
      "domain_wrong": 361,
      "refuses": 14,
      "total": 591.0
    },
    "cot-oracle-paper-ablation-ours-3layers": {
      "domain_confusion_rate": 0.626057529610829,
      "specificity_when_correct": 0.2571912013536379,
      "domain_correct_specific_rate": 0.2571912013536379,
      "domain_correct_vague_rate": 0.116751269035533,
      "domain_wrong_rate": 0.626057529610829,
      "refusal_rate": 0.0,
      "domain_correct_specific": 152,
      "domain_correct_vague": 69,
      "domain_wrong": 370,
      "refuses": 0,
      "total": 591.0
    },
    "cot-oracle-qwen3-8b-final-sprint-checkpoint-no-DPO": {
      "domain_confusion_rate": 0.6311336717428088,
      "specificity_when_correct": 0.24027072758037224,
      "domain_correct_specific_rate": 0.24027072758037224,
      "domain_correct_vague_rate": 0.12859560067681894,
      "domain_wrong_rate": 0.6311336717428088,
      "refusal_rate": 0.0,
      "domain_correct_specific": 142,
      "domain_correct_vague": 76,
      "domain_wrong": 373,
      "refuses": 0,
      "total": 591.0
    }
  },
  "num_entries": 8,
  "num_scored": 4728,
  "rejudged": true
}