{
  "activation_sensitivity": {
    "adam-reupload-qwen3-8b-full-mix-synthetic-qa-v3-replace-lqa": 0.9111111111111111,
    "adam-reupload-qwen3-8b-latentqa-cls-past-lens": 0.5333333333333333,
    "cot-oracle-grpo-step-500": 0.5777777777777777,
    "cot-oracle-paper-ablation-adam-recipe-1layer": 0.5111111111111111,
    "cot-oracle-paper-ablation-ours-1layer": 0.8888888888888888,
    "cot-oracle-paper-ablation-ours-3layers-onpolicy-lens-only": 0.8,
    "cot-oracle-paper-ablation-ours-3layers": 0.7777777777777778,
    "cot-oracle-qwen3-8b-final-sprint-checkpoint-no-DPO": 0.8222222222222222
  },
  "backtracking": {
    "adam-reupload-qwen3-8b-full-mix-synthetic-qa-v3-replace-lqa": 2.2081218274111674,
    "adam-reupload-qwen3-8b-latentqa-cls-past-lens": 2.49746192893401,
    "cot-oracle-grpo-step-500": 2.563451776649746,
    "cot-oracle-paper-ablation-adam-recipe-1layer": 2.1319796954314723,
    "cot-oracle-paper-ablation-ours-1layer": 2.238578680203046,
    "cot-oracle-paper-ablation-ours-3layers-onpolicy-lens-only": 2.3045685279187818,
    "cot-oracle-paper-ablation-ours-3layers": 2.3654822335025383,
    "cot-oracle-qwen3-8b-final-sprint-checkpoint-no-DPO": 2.3248730964467006
  },
  "domain_confusion": {
    "adam-reupload-qwen3-8b-full-mix-synthetic-qa-v3-replace-lqa": 0.2639593908629442,
    "adam-reupload-qwen3-8b-latentqa-cls-past-lens": 0.20135363790186125,
    "cot-oracle-grpo-step-500": 0.272419627749577,
    "cot-oracle-paper-ablation-adam-recipe-1layer": 0.15228426395939088,
    "cot-oracle-paper-ablation-ours-1layer": 0.23181049069373943,
    "cot-oracle-paper-ablation-ours-3layers-onpolicy-lens-only": 0.2436548223350254,
    "cot-oracle-paper-ablation-ours-3layers": 0.2571912013536379,
    "cot-oracle-qwen3-8b-final-sprint-checkpoint-no-DPO": 0.24027072758037224
  },
  "hallucination": {
    "adam-reupload-qwen3-8b-full-mix-synthetic-qa-v3-replace-lqa": 0.20101522842639594,
    "adam-reupload-qwen3-8b-latentqa-cls-past-lens": 0.30558375634517765,
    "cot-oracle-grpo-step-500": 0.3197969543147208,
    "cot-oracle-paper-ablation-adam-recipe-1layer": 0.20710659898477157,
    "cot-oracle-paper-ablation-ours-1layer": 0.2020304568527919,
    "cot-oracle-paper-ablation-ours-3layers-onpolicy-lens-only": 0.25076142131979695,
    "cot-oracle-paper-ablation-ours-3layers": 0.22030456852791877,
    "cot-oracle-qwen3-8b-final-sprint-checkpoint-no-DPO": 0.20609137055837565
  },
  "missing_info": {
    "adam-reupload-qwen3-8b-latentqa-cls-past-lens": 0.6433333333333333,
    "adam-reupload-qwen3-8b-full-mix-synthetic-qa-v3-replace-lqa": 0.6444444444444445,
    "cot-oracle-paper-ablation-adam-recipe-1layer": 0.5822222222222222,
    "cot-oracle-paper-ablation-ours-1layer": 0.7222222222222221,
    "cot-oracle-paper-ablation-ours-3layers": 0.7333333333333333,
    "cot-oracle-paper-ablation-ours-3layers-onpolicy-lens-only": 0.7433333333333334,
    "cot-oracle-qwen3-8b-final-sprint-checkpoint-no-DPO": 0.711111111111111,
    "cot-oracle-grpo-step-500": 0.7066666666666667
  },
  "mmlu_prediction": {
    "adam-reupload-qwen3-8b-latentqa-cls-past-lens": 0.6890000000000001,
    "adam-reupload-qwen3-8b-full-mix-synthetic-qa-v3-replace-lqa": 0.6918,
    "cot-oracle-paper-ablation-adam-recipe-1layer": 0.6113,
    "cot-oracle-paper-ablation-ours-1layer": 0.7046000000000001,
    "cot-oracle-paper-ablation-ours-3layers": 0.6795,
    "cot-oracle-paper-ablation-ours-3layers-onpolicy-lens-only": 0.7226999999999999,
    "cot-oracle-qwen3-8b-final-sprint-checkpoint-no-DPO": 0.7036,
    "cot-oracle-grpo-step-500": 0.7297
  },
  "number_prediction": {
    "adam-reupload-qwen3-8b-latentqa-cls-past-lens": 0.006666666666666667,
    "adam-reupload-qwen3-8b-full-mix-synthetic-qa-v3-replace-lqa": 0.03333333333333333,
    "cot-oracle-paper-ablation-adam-recipe-1layer": 0.013333333333333334,
    "cot-oracle-paper-ablation-ours-1layer": 0.03333333333333333,
    "cot-oracle-paper-ablation-ours-3layers": 0.04,
    "cot-oracle-paper-ablation-ours-3layers-onpolicy-lens-only": 0.07333333333333333,
    "cot-oracle-qwen3-8b-final-sprint-checkpoint-no-DPO": 0.04666666666666667,
    "cot-oracle-grpo-step-500": 0.03333333333333333
  },
  "personaqa": {
    "adam-reupload-qwen3-8b-latentqa-cls-past-lens": 0.10611111111111111,
    "adam-reupload-qwen3-8b-full-mix-synthetic-qa-v3-replace-lqa": 0.17222222222222222,
    "cot-oracle-paper-ablation-adam-recipe-1layer": 0.07388888888888889,
    "cot-oracle-paper-ablation-ours-1layer": 0.08555555555555555,
    "cot-oracle-paper-ablation-ours-3layers": 0.17,
    "cot-oracle-paper-ablation-ours-3layers-onpolicy-lens-only": 0.13944444444444445,
    "cot-oracle-qwen3-8b-final-sprint-checkpoint-no-DPO": 0.11944444444444445,
    "cot-oracle-grpo-step-500": 0.08611111111111111
  },
  "sycophancy": {
    "adam-reupload-qwen3-8b-latentqa-cls-past-lens": 0.81765,
    "adam-reupload-qwen3-8b-full-mix-synthetic-qa-v3-replace-lqa": 0.860225,
    "cot-oracle-paper-ablation-adam-recipe-1layer": 0.774675,
    "cot-oracle-paper-ablation-ours-1layer": 0.812125,
    "cot-oracle-paper-ablation-ours-3layers": 0.7236750000000001,
    "cot-oracle-paper-ablation-ours-3layers-onpolicy-lens-only": 0.739625,
    "cot-oracle-qwen3-8b-final-sprint-checkpoint-no-DPO": 0.734775,
    "cot-oracle-grpo-step-500": 0.8035249999999999
  },
  "system_prompt_qa_hidden": {
    "adam-reupload-qwen3-8b-full-mix-synthetic-qa-v3-replace-lqa": 2.5,
    "adam-reupload-qwen3-8b-latentqa-cls-past-lens": 3.7,
    "cot-oracle-grpo-step-500": 1.5,
    "cot-oracle-paper-ablation-adam-recipe-1layer": 2.8,
    "cot-oracle-paper-ablation-ours-1layer": 1.9,
    "cot-oracle-paper-ablation-ours-3layers-onpolicy-lens-only": 1.2,
    "cot-oracle-paper-ablation-ours-3layers": 1.6,
    "cot-oracle-qwen3-8b-final-sprint-checkpoint-no-DPO": 1.2
  },
  "taboo": {
    "adam-reupload-qwen3-8b-latentqa-cls-past-lens": 0.413,
    "adam-reupload-qwen3-8b-full-mix-synthetic-qa-v3-replace-lqa": 0.478,
    "cot-oracle-paper-ablation-adam-recipe-1layer": 0.2796666666666667,
    "cot-oracle-paper-ablation-ours-1layer": 0.372,
    "cot-oracle-paper-ablation-ours-3layers": 0.42866666666666664,
    "cot-oracle-paper-ablation-ours-3layers-onpolicy-lens-only": 0.4068333333333333,
    "cot-oracle-qwen3-8b-final-sprint-checkpoint-no-DPO": 0.45916666666666667,
    "cot-oracle-grpo-step-500": 0.4215
  },
  "vagueness": {
    "adam-reupload-qwen3-8b-full-mix-synthetic-qa-v3-replace-lqa": 0.8934010152284264,
    "adam-reupload-qwen3-8b-latentqa-cls-past-lens": 0.43147208121827413,
    "cot-oracle-grpo-step-500": 0.5228426395939086,
    "cot-oracle-paper-ablation-adam-recipe-1layer": 0.41116751269035534,
    "cot-oracle-paper-ablation-ours-1layer": 0.7563451776649747,
    "cot-oracle-paper-ablation-ours-3layers-onpolicy-lens-only": 0.6852791878172588,
    "cot-oracle-paper-ablation-ours-3layers": 0.6802030456852792,
    "cot-oracle-qwen3-8b-final-sprint-checkpoint-no-DPO": 0.7309644670050761
  }
}