{
  "checkpoints_latentqa_cls_past_lens_addition_Qwen3-8B": {
    "mean_normalized_score": 0.23723861014602451,
    "num_evals": 7,
    "per_eval_normalized": {
      "number_prediction": 0.03333333333333333,
      "mmlu_prediction": 0.37539999999999996,
      "backtracking": 0.27791878172588835,
      "missing_info": 0.2844444444444443,
      "sycophancy": 0.4536,
      "vagueness": 0.11224489795918367,
      "domain_confusion": 0.12372881355932204
    },
    "ci_lo": 0.23723861014602451,
    "ci_hi": 0.23723861014602451
  },
  "checkpoints_Qwen3-8B_full_mix_synthetic_qa_v3_replace_lqa": {
    "mean_normalized_score": 0.3834992376725747,
    "num_evals": 7,
    "per_eval_normalized": {
      "number_prediction": 0.02666666666666667,
      "mmlu_prediction": 0.3859999999999999,
      "backtracking": 0.32614213197969544,
      "missing_info": 0.5244444444444445,
      "sycophancy": 0.6665999999999999,
      "vagueness": 0.37055837563451777,
      "domain_confusion": 0.38408304498269896
    },
    "ci_lo": 0.3834992376725747,
    "ci_hi": 0.3834992376725747
  },
  "cot-oracle-qwen3-8b-final-sprint-checkpoint-no-DPO": {
    "mean_normalized_score": 0.2971233694436118,
    "num_evals": 7,
    "per_eval_normalized": {
      "number_prediction": 0.05333333333333334,
      "mmlu_prediction": 0.3635999999999999,
      "backtracking": 0.2296954314720812,
      "missing_info": 0.47555555555555573,
      "sycophancy": 0.49885,
      "vagueness": 0.18781725888324874,
      "domain_confusion": 0.27101200686106347
    },
    "ci_lo": 0.2971233694436118,
    "ci_hi": 0.2971233694436118
  },
  "cot-oracle-grpo-v1": {
    "mean_normalized_score": 0.3115159383700839,
    "num_evals": 7,
    "per_eval_normalized": {
      "number_prediction": 0.05333333333333334,
      "mmlu_prediction": 0.36040000000000005,
      "backtracking": 0.3083756345177665,
      "missing_info": 0.4666666666666668,
      "sycophancy": 0.31800000000000006,
      "vagueness": 0.2639593908629442,
      "domain_confusion": 0.40987654320987654
    },
    "ci_lo": 0.31151593837008396,
    "ci_hi": 0.31151593837008396
  }
}