{
  "activation_sensitivity": {
    "adam-reupload-qwen3-8b-full-mix-synthetic-qa-v3-replace-lqa": {
      "mean": 0.9111111111111111,
      "lo": 0.8222222222222222,
      "hi": 0.9777777777777777,
      "source": "raw_outputs"
    },
    "adam-reupload-qwen3-8b-latentqa-cls-past-lens": {
      "mean": 0.5333333333333333,
      "lo": 0.37777777777777777,
      "hi": 0.6888888888888889,
      "source": "raw_outputs"
    },
    "cot-oracle-grpo-step-500": {
      "mean": 0.5777777777777777,
      "lo": 0.4444444444444444,
      "hi": 0.7111111111111111,
      "source": "raw_outputs"
    },
    "cot-oracle-paper-ablation-adam-recipe-1layer": {
      "mean": 0.5111111111111111,
      "lo": 0.35500000000000004,
      "hi": 0.6444444444444445,
      "source": "raw_outputs"
    },
    "cot-oracle-paper-ablation-ours-1layer": {
      "mean": 0.8888888888888888,
      "lo": 0.7777777777777778,
      "hi": 0.9777777777777777,
      "source": "raw_outputs"
    },
    "cot-oracle-paper-ablation-ours-3layers-onpolicy-lens-only": {
      "mean": 0.8,
      "lo": 0.6888888888888889,
      "hi": 0.9111111111111111,
      "source": "raw_outputs"
    },
    "cot-oracle-paper-ablation-ours-3layers": {
      "mean": 0.7777777777777778,
      "lo": 0.6444444444444445,
      "hi": 0.8888888888888888,
      "source": "raw_outputs"
    },
    "cot-oracle-qwen3-8b-final-sprint-checkpoint-no-DPO": {
      "mean": 0.8222222222222222,
      "lo": 0.6888888888888889,
      "hi": 0.9333333333333333,
      "source": "raw_outputs"
    }
  },
  "backtracking": {
    "adam-reupload-qwen3-8b-full-mix-synthetic-qa-v3-replace-lqa": {
      "mean": 2.2081218274111674,
      "lo": 2.0558375634517767,
      "hi": 2.3706852791878172,
      "source": "raw_outputs"
    },
    "adam-reupload-qwen3-8b-latentqa-cls-past-lens": {
      "mean": 2.49746192893401,
      "lo": 2.3299492385786804,
      "hi": 2.66002538071066,
      "source": "raw_outputs"
    },
    "cot-oracle-grpo-step-500": {
      "mean": 2.563451776649746,
      "lo": 2.4213197969543145,
      "hi": 2.7361675126903555,
      "source": "raw_outputs"
    },
    "cot-oracle-paper-ablation-adam-recipe-1layer": {
      "mean": 2.1319796954314723,
      "lo": 1.9949238578680204,
      "hi": 2.2742385786802033,
      "source": "raw_outputs"
    },
    "cot-oracle-paper-ablation-ours-1layer": {
      "mean": 2.238578680203046,
      "lo": 2.1015228426395938,
      "hi": 2.3959390862944163,
      "source": "raw_outputs"
    },
    "cot-oracle-paper-ablation-ours-3layers-onpolicy-lens-only": {
      "mean": 2.3045685279187818,
      "lo": 2.1624365482233503,
      "hi": 2.4619289340101522,
      "source": "raw_outputs"
    },
    "cot-oracle-paper-ablation-ours-3layers": {
      "mean": 2.3654822335025383,
      "lo": 2.213197969543147,
      "hi": 2.5228426395939088,
      "source": "raw_outputs"
    },
    "cot-oracle-qwen3-8b-final-sprint-checkpoint-no-DPO": {
      "mean": 2.3248730964467006,
      "lo": 2.1775380710659897,
      "hi": 2.487309644670051,
      "source": "raw_outputs"
    }
  },
  "domain_confusion": {
    "adam-reupload-qwen3-8b-full-mix-synthetic-qa-v3-replace-lqa": {
      "mean": 0.2639593908629442,
      "lo": 0.23011844331641285,
      "hi": 0.29953468697123514,
      "source": "raw_outputs"
    },
    "adam-reupload-qwen3-8b-latentqa-cls-past-lens": {
      "mean": 0.20135363790186125,
      "lo": 0.17089678510998307,
      "hi": 0.233502538071066,
      "source": "raw_outputs"
    },
    "cot-oracle-grpo-step-500": {
      "mean": 0.272419627749577,
      "lo": 0.23688663282571912,
      "hi": 0.307994923857868,
      "source": "raw_outputs"
    },
    "cot-oracle-paper-ablation-adam-recipe-1layer": {
      "mean": 0.15228426395939088,
      "lo": 0.12516920473773266,
      "hi": 0.18104906937394247,
      "source": "raw_outputs"
    },
    "cot-oracle-paper-ablation-ours-1layer": {
      "mean": 0.23181049069373943,
      "lo": 0.20304568527918782,
      "hi": 0.2673857868020304,
      "source": "raw_outputs"
    },
    "cot-oracle-paper-ablation-ours-3layers-onpolicy-lens-only": {
      "mean": 0.2436548223350254,
      "lo": 0.21150592216582065,
      "hi": 0.2808798646362098,
      "source": "raw_outputs"
    },
    "cot-oracle-paper-ablation-ours-3layers": {
      "mean": 0.2571912013536379,
      "lo": 0.22330795262267344,
      "hi": 0.29441624365482233,
      "source": "raw_outputs"
    },
    "cot-oracle-qwen3-8b-final-sprint-checkpoint-no-DPO": {
      "mean": 0.24027072758037224,
      "lo": 0.20473773265651438,
      "hi": 0.27580372250423013,
      "source": "raw_outputs"
    }
  },
  "hallucination": {
    "adam-reupload-qwen3-8b-full-mix-synthetic-qa-v3-replace-lqa": {
      "mean": 0.20101522842639594,
      "lo": 0.17766497461928935,
      "hi": 0.22741116751269036,
      "source": "raw_outputs"
    },
    "adam-reupload-qwen3-8b-latentqa-cls-past-lens": {
      "mean": 0.30558375634517765,
      "lo": 0.2781472081218274,
      "hi": 0.33705583756345175,
      "source": "raw_outputs"
    },
    "cot-oracle-grpo-step-500": {
      "mean": 0.3197969543147208,
      "lo": 0.2934010152284264,
      "hi": 0.34822335025380713,
      "source": "raw_outputs"
    },
    "cot-oracle-paper-ablation-adam-recipe-1layer": {
      "mean": 0.20710659898477157,
      "lo": 0.18375634517766498,
      "hi": 0.23352791878172588,
      "source": "raw_outputs"
    },
    "cot-oracle-paper-ablation-ours-1layer": {
      "mean": 0.2020304568527919,
      "lo": 0.1786548223350254,
      "hi": 0.22538071065989848,
      "source": "raw_outputs"
    },
    "cot-oracle-paper-ablation-ours-3layers-onpolicy-lens-only": {
      "mean": 0.25076142131979695,
      "lo": 0.2233502538071066,
      "hi": 0.2802030456852792,
      "source": "raw_outputs"
    },
    "cot-oracle-paper-ablation-ours-3layers": {
      "mean": 0.22030456852791877,
      "lo": 0.1938832487309645,
      "hi": 0.24672588832487308,
      "source": "raw_outputs"
    },
    "cot-oracle-qwen3-8b-final-sprint-checkpoint-no-DPO": {
      "mean": 0.20609137055837565,
      "lo": 0.18274111675126903,
      "hi": 0.231497461928934,
      "source": "raw_outputs"
    }
  },
  "missing_info": {
    "adam-reupload-qwen3-8b-latentqa-cls-past-lens": {
      "mean": 0.6433333333333333,
      "lo": 0.4453339230429014,
      "hi": 0.7910021551724137,
      "source": "raw_outputs"
    },
    "adam-reupload-qwen3-8b-full-mix-synthetic-qa-v3-replace-lqa": {
      "mean": 0.6444444444444445,
      "lo": 0.4544472502805836,
      "hi": 0.8101778513824884,
      "source": "raw_outputs"
    },
    "cot-oracle-paper-ablation-adam-recipe-1layer": {
      "mean": 0.5822222222222222,
      "lo": 0.3778583134133419,
      "hi": 0.7513590314913844,
      "source": "raw_outputs"
    },
    "cot-oracle-paper-ablation-ours-1layer": {
      "mean": 0.7222222222222221,
      "lo": 0.5341638655462184,
      "hi": 0.8721198156682027,
      "source": "raw_outputs"
    },
    "cot-oracle-paper-ablation-ours-3layers": {
      "mean": 0.7333333333333333,
      "lo": 0.5534535972754363,
      "hi": 0.8798188025210084,
      "source": "raw_outputs"
    },
    "cot-oracle-paper-ablation-ours-3layers-onpolicy-lens-only": {
      "mean": 0.7433333333333334,
      "lo": 0.5647203947368422,
      "hi": 0.8897558620222281,
      "source": "raw_outputs"
    },
    "cot-oracle-qwen3-8b-final-sprint-checkpoint-no-DPO": {
      "mean": 0.711111111111111,
      "lo": 0.5251456755541724,
      "hi": 0.8641826923076922,
      "source": "raw_outputs"
    },
    "cot-oracle-grpo-step-500": {
      "mean": 0.7066666666666667,
      "lo": 0.5214828558465129,
      "hi": 0.8622575757575758,
      "source": "raw_outputs"
    }
  },
  "mmlu_prediction": {
    "adam-reupload-qwen3-8b-latentqa-cls-past-lens": {
      "mean": 0.6890000000000001,
      "lo": 0.5865544704433497,
      "hi": 0.7762971091089212,
      "source": "raw_outputs"
    },