{
  "adam-reupload-qwen3-8b-full-mix-synthetic-qa-v3-replace-lqa": {
    "mean_normalized_score": 0.3999107142857143,
    "num_evals": 16,
    "per_eval_normalized": {
      "number_prediction": 0.1,
      "mmlu_prediction": 0.4285714285714286,
      "backtracking": 0.175,
      "vagueness": 1.0,
      "domain_confusion": 0.06666666666666667,
      "missing_info": 0.08333333333333326,
      "backtracking_mc": 0.28,
      "sycophancy": 0.15999999999999992,
      "system_prompt_qa_hidden": 0.7,
      "system_prompt_qa_latentqa": 0.7749999999999999,
      "taboo": 0.58,
      "personaqa": 0.62,
      "activation_sensitivity": 0.31,
      "hallucination_1pos": 0.3,
      "hallucination_5pos": 0.38,
      "hallucination_20pos": 0.44
    },
    "ci_lo": 0.39991071428571423,
    "ci_hi": 0.39991071428571423
  },
  "adam-reupload-qwen3-8b-latentqa-cls-past-lens": {
    "mean_normalized_score": 0.3756696428571429,
    "num_evals": 16,
    "per_eval_normalized": {
      "number_prediction": 0.03333333333333333,
      "mmlu_prediction": 0.6190476190476191,
      "backtracking": 0.175,
      "vagueness": 0.6,
      "domain_confusion": 0.16666666666666666,
      "missing_info": -0.08333333333333326,
      "backtracking_mc": 0.24,
      "sycophancy": 0.21999999999999997,
      "system_prompt_qa_hidden": 0.65,
      "system_prompt_qa_latentqa": 0.75,
      "taboo": 0.55,
      "personaqa": 0.6,
      "activation_sensitivity": 0.28,
      "hallucination_1pos": 0.33,
      "hallucination_5pos": 0.41,
      "hallucination_20pos": 0.47
    },
    "ci_lo": 0.3756696428571428,
    "ci_hi": 0.3756696428571428
  },
  "cot-oracle-grpo-step-500": {
    "mean_normalized_score": 0.4240327380952381,
    "num_evals": 16,
    "per_eval_normalized": {
      "number_prediction": 0.06666666666666667,
      "mmlu_prediction": 0.4761904761904763,
      "backtracking": 0.25,
      "vagueness": 0.4,
      "domain_confusion": 0.3333333333333333,
      "missing_info": 0.5,
      "backtracking_mc": 0.2933333333333333,
      "sycophancy": 0.26,
      "system_prompt_qa_hidden": 0.725,
      "system_prompt_qa_latentqa": 0.7,
      "taboo": 0.52,
      "personaqa": 0.54,
      "activation_sensitivity": 0.35,
      "hallucination_1pos": 0.39,
      "hallucination_5pos": 0.46,
      "hallucination_20pos": 0.52
    },
    "ci_lo": 0.4240327380952381,
    "ci_hi": 0.4240327380952381
  },
  "cot-oracle-paper-ablation-adam-recipe-1layer": {
    "mean_normalized_score": 0.29529761904761903,
    "num_evals": 16,
    "per_eval_normalized": {
      "number_prediction": 0.06666666666666667,
      "mmlu_prediction": 0.23809523809523814,
      "backtracking": 0.22499999999999998,
      "vagueness": 0.7,
      "domain_confusion": 0.26666666666666666,
      "missing_info": -0.16666666666666674,
      "backtracking_mc": 0.12000000000000004,
      "sycophancy": 0.08000000000000007,
      "system_prompt_qa_hidden": 0.55,
      "system_prompt_qa_latentqa": 0.575,
      "taboo": 0.46,
      "personaqa": 0.48,
      "activation_sensitivity": 0.21,
      "hallucination_1pos": 0.26,
      "hallucination_5pos": 0.31,
      "hallucination_20pos": 0.35
    },
    "ci_lo": 0.29529761904761903,
    "ci_hi": 0.29529761904761903
  },
  "cot-oracle-paper-ablation-ours-1layer": {
    "mean_normalized_score": 0.46242559523809523,
    "num_evals": 16,
    "per_eval_normalized": {
      "number_prediction": 0.06666666666666667,
      "mmlu_prediction": 0.5238095238095237,
      "backtracking": 0.2,
      "vagueness": 0.7,
      "domain_confusion": 0.26666666666666666,
      "missing_info": 0.41666666666666674,
      "backtracking_mc": 0.32,
      "sycophancy": 0.3400000000000001,
      "system_prompt_qa_hidden": 0.75,
      "system_prompt_qa_latentqa": 0.725,
      "taboo": 0.61,
      "personaqa": 0.63,
      "activation_sensitivity": 0.37,
      "hallucination_1pos": 0.42,
      "hallucination_5pos": 0.5,
      "hallucination_20pos": 0.56
    },
    "ci_lo": 0.46242559523809523,
    "ci_hi": 0.46242559523809523
  },
  "cot-oracle-paper-ablation-ours-3layers-onpolicy-lens-only": {
    "mean_normalized_score": 0.5262351190476191,
    "num_evals": 16,
    "per_eval_normalized": {
      "number_prediction": 0.26666666666666666,
      "mmlu_prediction": 0.5714285714285716,
      "backtracking": 0.2,
      "vagueness": 0.9,
      "domain_confusion": 0.06666666666666667,
      "missing_info": 0.5,
      "backtracking_mc": 0.4000000000000001,
      "sycophancy": 0.41999999999999993,
      "system_prompt_qa_hidden": 0.825,
      "system_prompt_qa_latentqa": 0.8,
      "taboo": 0.67,
      "personaqa": 0.71,
      "activation_sensitivity": 0.44,
      "hallucination_1pos": 0.47,
      "hallucination_5pos": 0.56,
      "hallucination_20pos": 0.62
    },
    "ci_lo": 0.526235119047619,
    "ci_hi": 0.526235119047619
  },
  "cot-oracle-paper-ablation-ours-3layers": {
    "mean_normalized_score": 0.541547619047619,
    "num_evals": 16,
    "per_eval_normalized": {
      "number_prediction": 0.13333333333333333,
      "mmlu_prediction": 0.5714285714285714,
      "backtracking": 0.175,
      "vagueness": 0.9,
      "domain_confusion": 0.23333333333333334,
      "missing_info": 0.5,
      "backtracking_mc": 0.4266666666666666,
      "sycophancy": 0.45999999999999996,
      "system_prompt_qa_hidden": 0.8500000000000001,
      "system_prompt_qa_latentqa": 0.825,
      "taboo": 0.69,
      "personaqa": 0.73,
      "activation_sensitivity": 0.46,
      "hallucination_1pos": 0.49,
      "hallucination_5pos": 0.58,
      "hallucination_20pos": 0.64
    },
    "ci_lo": 0.541547619047619,
    "ci_hi": 0.541547619047619
  },
  "cot-oracle-qwen3-8b-final-sprint-checkpoint-no-DPO": {
    "mean_normalized_score": 0.48797619047619045,
    "num_evals": 16,
    "per_eval_normalized": {
      "number_prediction": 0.16666666666666666,
      "mmlu_prediction": 0.38095238095238093,
      "backtracking": 0.175,
      "vagueness": 0.9,
      "domain_confusion": 0.13333333333333333,
      "missing_info": 0.5,
      "backtracking_mc": 0.3466666666666667,
      "sycophancy": 0.3799999999999999,
      "system_prompt_qa_hidden": 0.7749999999999999,
      "system_prompt_qa_latentqa": 0.75,
      "taboo": 0.64,
      "personaqa": 0.68,
      "activation_sensitivity": 0.41,
      "hallucination_1pos": 0.45,
      "hallucination_5pos": 0.53,
      "hallucination_20pos": 0.59
    },
    "ci_lo": 0.48797619047619045,
    "ci_hi": 0.48797619047619045
  }
}