{
  "number_prediction": {
    "adam-reupload-qwen3-8b-full-mix-synthetic-qa-v3-replace-lqa": {
      "mean": 0.1,
      "lo": 0.1,
      "hi": 0.1,
      "source": "summary_only"
    },
    "adam-reupload-qwen3-8b-latentqa-cls-past-lens": {
      "mean": 0.03333333333333333,
      "lo": 0.03333333333333333,
      "hi": 0.03333333333333333,
      "source": "summary_only"
    },
    "cot-oracle-grpo-step-500": {
      "mean": 0.06666666666666667,
      "lo": 0.06666666666666667,
      "hi": 0.06666666666666667,
      "source": "summary_only"
    },
    "cot-oracle-paper-ablation-adam-recipe-1layer": {
      "mean": 0.06666666666666667,
      "lo": 0.06666666666666667,
      "hi": 0.06666666666666667,
      "source": "summary_only"
    },
    "cot-oracle-paper-ablation-ours-1layer": {
      "mean": 0.06666666666666667,
      "lo": 0.06666666666666667,
      "hi": 0.06666666666666667,
      "source": "summary_only"
    },
    "cot-oracle-paper-ablation-ours-3layers-onpolicy-lens-only": {
      "mean": 0.26666666666666666,
      "lo": 0.26666666666666666,
      "hi": 0.26666666666666666,
      "source": "summary_only"
    },
    "cot-oracle-paper-ablation-ours-3layers": {
      "mean": 0.13333333333333333,
      "lo": 0.13333333333333333,
      "hi": 0.13333333333333333,
      "source": "summary_only"
    },
    "cot-oracle-qwen3-8b-final-sprint-checkpoint-no-DPO": {
      "mean": 0.16666666666666666,
      "lo": 0.16666666666666666,
      "hi": 0.16666666666666666,
      "source": "summary_only"
    }
  },
  "mmlu_prediction": {
    "adam-reupload-qwen3-8b-full-mix-synthetic-qa-v3-replace-lqa": {
      "mean": 0.7142857142857143,
      "lo": 0.7142857142857143,
      "hi": 0.7142857142857143,
      "source": "summary_only"
    },
    "adam-reupload-qwen3-8b-latentqa-cls-past-lens": {
      "mean": 0.8095238095238095,
      "lo": 0.8095238095238095,
      "hi": 0.8095238095238095,
      "source": "summary_only"
    },
    "cot-oracle-grpo-step-500": {
      "mean": 0.7380952380952381,
      "lo": 0.7380952380952381,
      "hi": 0.7380952380952381,
      "source": "summary_only"
    },
    "cot-oracle-paper-ablation-adam-recipe-1layer": {
      "mean": 0.6190476190476191,
      "lo": 0.6190476190476191,
      "hi": 0.6190476190476191,
      "source": "summary_only"
    },
    "cot-oracle-paper-ablation-ours-1layer": {
      "mean": 0.7619047619047619,
      "lo": 0.7619047619047619,
      "hi": 0.7619047619047619,
      "source": "summary_only"
    },
    "cot-oracle-paper-ablation-ours-3layers-onpolicy-lens-only": {
      "mean": 0.7857142857142858,
      "lo": 0.7857142857142858,
      "hi": 0.7857142857142858,
      "source": "summary_only"
    },
    "cot-oracle-paper-ablation-ours-3layers": {
      "mean": 0.7857142857142857,
      "lo": 0.7857142857142857,
      "hi": 0.7857142857142857,
      "source": "summary_only"
    },
    "cot-oracle-qwen3-8b-final-sprint-checkpoint-no-DPO": {
      "mean": 0.6904761904761905,
      "lo": 0.6904761904761905,
      "hi": 0.6904761904761905,
      "source": "summary_only"
    }
  },
  "backtracking": {
    "adam-reupload-qwen3-8b-full-mix-synthetic-qa-v3-replace-lqa": {
      "mean": 1.7,
      "lo": 1.7,
      "hi": 1.7,
      "source": "summary_only"
    },
    "adam-reupload-qwen3-8b-latentqa-cls-past-lens": {
      "mean": 1.7,
      "lo": 1.7,
      "hi": 1.7,
      "source": "summary_only"
    },
    "cot-oracle-grpo-step-500": {
      "mean": 2.0,
      "lo": 2.0,
      "hi": 2.0,
      "source": "summary_only"
    },
    "cot-oracle-paper-ablation-adam-recipe-1layer": {
      "mean": 1.9,
      "lo": 1.9,
      "hi": 1.9,
      "source": "summary_only"
    },
    "cot-oracle-paper-ablation-ours-1layer": {
      "mean": 1.8,
      "lo": 1.8,
      "hi": 1.8,
      "source": "summary_only"
    },
    "cot-oracle-paper-ablation-ours-3layers-onpolicy-lens-only": {
      "mean": 1.8,
      "lo": 1.8,
      "hi": 1.8,
      "source": "summary_only"
    },
    "cot-oracle-paper-ablation-ours-3layers": {
      "mean": 1.7,
      "lo": 1.7,
      "hi": 1.7,
      "source": "summary_only"
    },
    "cot-oracle-qwen3-8b-final-sprint-checkpoint-no-DPO": {
      "mean": 1.7,
      "lo": 1.7,
      "hi": 1.7,
      "source": "summary_only"
    }
  },
  "vagueness": {
    "adam-reupload-qwen3-8b-full-mix-synthetic-qa-v3-replace-lqa": {
      "mean": 1.0,
      "lo": 1.0,
      "hi": 1.0,
      "source": "summary_only"
    },
    "adam-reupload-qwen3-8b-latentqa-cls-past-lens": {
      "mean": 0.6,
      "lo": 0.6,
      "hi": 0.6,
      "source": "summary_only"
    },
    "cot-oracle-grpo-step-500": {
      "mean": 0.4,
      "lo": 0.4,
      "hi": 0.4,
      "source": "summary_only"
    },
    "cot-oracle-paper-ablation-adam-recipe-1layer": {
      "mean": 0.7,
      "lo": 0.7,
      "hi": 0.7,
      "source": "summary_only"
    },
    "cot-oracle-paper-ablation-ours-1layer": {
      "mean": 0.7,
      "lo": 0.7,
      "hi": 0.7,
      "source": "summary_only"
    },
    "cot-oracle-paper-ablation-ours-3layers-onpolicy-lens-only": {
      "mean": 0.9,
      "lo": 0.9,
      "hi": 0.9,
      "source": "summary_only"
    },
    "cot-oracle-paper-ablation-ours-3layers": {
      "mean": 0.9,
      "lo": 0.9,
      "hi": 0.9,
      "source": "summary_only"
    },
    "cot-oracle-qwen3-8b-final-sprint-checkpoint-no-DPO": {
      "mean": 0.9,
      "lo": 0.9,
      "hi": 0.9,
      "source": "summary_only"
    }
  },
  "domain_confusion": {
    "adam-reupload-qwen3-8b-full-mix-synthetic-qa-v3-replace-lqa": {
      "mean": 0.06666666666666667,
      "lo": 0.06666666666666667,
      "hi": 0.06666666666666667,
      "source": "summary_only"
    },
    "adam-reupload-qwen3-8b-latentqa-cls-past-lens": {
      "mean": 0.16666666666666666,
      "lo": 0.16666666666666666,
      "hi": 0.16666666666666666,
      "source": "summary_only"
    },
    "cot-oracle-grpo-step-500": {
      "mean": 0.3333333333333333,
      "lo": 0.3333333333333333,
      "hi": 0.3333333333333333,
      "source": "summary_only"
    },
    "cot-oracle-paper-ablation-adam-recipe-1layer": {
      "mean": 0.26666666666666666,
      "lo": 0.26666666666666666,
      "hi": 0.26666666666666666,
      "source": "summary_only"
    },
    "cot-oracle-paper-ablation-ours-1layer": {
      "mean": 0.26666666666666666,
      "lo": 0.26666666666666666,
      "hi": 0.26666666666666666,
      "source": "summary_only"
    },
    "cot-oracle-paper-ablation-ours-3layers-onpolicy-lens-only": {
      "mean": 0.06666666666666667,
      "lo": 0.06666666666666667,
      "hi": 0.06666666666666667,
      "source": "summary_only"
    },
    "cot-oracle-paper-ablation-ours-3layers": {
      "mean": 0.23333333333333334,
      "lo": 0.23333333333333334,
      "hi": 0.23333333333333334,
      "source": "summary_only"
    },
    "cot-oracle-qwen3-8b-final-sprint-checkpoint-no-DPO": {
      "mean": 0.13333333333333333,
      "lo": 0.13333333333333333,
      "hi": 0.13333333333333333,
      "source": "summary_only"
    }
  },
  "missing_info": {
    "adam-reupload-qwen3-8b-full-mix-synthetic-qa-v3-replace-lqa": {
      "mean": 0.5416666666666666,
      "lo": 0.5416666666666666,
      "hi": 0.5416666666666666,
      "source": "summary_only"
    },
    "adam-reupload-qwen3-8b-latentqa-cls-past-lens": {
      "mean": 0.45833333333333337,
      "lo": 0.45833333333333337,
      "hi": 0.45833333333333337,
      "source": "summary_only"
    },
    "cot-oracle-grpo-step-500": {
      "mean": 0.75,
      "lo": 0.75,
      "hi": 0.75,
      "source": "summary_only"
    },
    "cot-oracle-paper-ablation-adam-recipe-1layer": {
      "mean": 0.41666666666666663,
      "lo": 0.41666666666666663,
      "hi": 0.41666666666666663,
      "source": "summary_only"
    },
    "cot-oracle-paper-ablation-ours-1layer": {
      "mean": 0.7083333333333334,
      "lo": 0.7083333333333334,
      "hi": 0.7083333333333334,
      "source": "summary_only"
    },