{
  "taboo": {
    "adam-reupload-qwen3-8b-latentqa-cls-past-lens": {
      "mean": 0.413,
      "lo": 0.413,
      "hi": 0.413,
      "source": "summary_only"
    },
    "adam-reupload-qwen3-8b-full-mix-synthetic-qa-v3-replace-lqa": {
      "mean": 0.478,
      "lo": 0.478,
      "hi": 0.478,
      "source": "summary_only"
    },
    "cot-oracle-paper-ablation-adam-recipe-1layer": {
      "mean": 0.2796666666666667,
      "lo": 0.2796666666666667,
      "hi": 0.2796666666666667,
      "source": "summary_only"
    },
    "cot-oracle-paper-ablation-ours-1layer": {
      "mean": 0.372,
      "lo": 0.372,
      "hi": 0.372,
      "source": "summary_only"
    },
    "cot-oracle-paper-ablation-ours-3layers": {
      "mean": 0.42866666666666664,
      "lo": 0.42866666666666664,
      "hi": 0.42866666666666664,
      "source": "summary_only"
    },
    "cot-oracle-paper-ablation-ours-3layers-onpolicy-lens-only": {
      "mean": 0.4068333333333333,
      "lo": 0.4068333333333333,
      "hi": 0.4068333333333333,
      "source": "summary_only"
    },
    "cot-oracle-qwen3-8b-final-sprint-checkpoint-no-DPO": {
      "mean": 0.45916666666666667,
      "lo": 0.45916666666666667,
      "hi": 0.45916666666666667,
      "source": "summary_only"
    },
    "cot-oracle-grpo-step-500": {
      "mean": 0.4215,
      "lo": 0.4215,
      "hi": 0.4215,
      "source": "summary_only"
    }
  },
  "personaqa": {
    "adam-reupload-qwen3-8b-latentqa-cls-past-lens": {
      "mean": 0.10611111111111111,
      "lo": 0.10611111111111111,
      "hi": 0.10611111111111111,
      "source": "summary_only"
    },
    "adam-reupload-qwen3-8b-full-mix-synthetic-qa-v3-replace-lqa": {
      "mean": 0.17222222222222222,
      "lo": 0.17222222222222222,
      "hi": 0.17222222222222222,
      "source": "summary_only"
    },
    "cot-oracle-paper-ablation-adam-recipe-1layer": {
      "mean": 0.07388888888888889,
      "lo": 0.07388888888888889,
      "hi": 0.07388888888888889,
      "source": "summary_only"
    },
    "cot-oracle-paper-ablation-ours-1layer": {
      "mean": 0.08555555555555555,
      "lo": 0.08555555555555555,
      "hi": 0.08555555555555555,
      "source": "summary_only"
    },
    "cot-oracle-paper-ablation-ours-3layers": {
      "mean": 0.17,
      "lo": 0.17,
      "hi": 0.17,
      "source": "summary_only"
    },
    "cot-oracle-paper-ablation-ours-3layers-onpolicy-lens-only": {
      "mean": 0.13944444444444445,
      "lo": 0.13944444444444445,
      "hi": 0.13944444444444445,
      "source": "summary_only"
    },
    "cot-oracle-qwen3-8b-final-sprint-checkpoint-no-DPO": {
      "mean": 0.11944444444444445,
      "lo": 0.11944444444444445,
      "hi": 0.11944444444444445,
      "source": "summary_only"
    },
    "cot-oracle-grpo-step-500": {
      "mean": 0.08611111111111111,
      "lo": 0.08611111111111111,
      "hi": 0.08611111111111111,
      "source": "summary_only"
    }
  },
  "number_prediction": {
    "adam-reupload-qwen3-8b-latentqa-cls-past-lens": {
      "mean": 0.006666666666666667,
      "lo": 0.0,
      "hi": 0.02,
      "source": "raw_outputs"
    },
    "adam-reupload-qwen3-8b-full-mix-synthetic-qa-v3-replace-lqa": {
      "mean": 0.03333333333333333,
      "lo": 0.006666666666666667,
      "hi": 0.06,
      "source": "raw_outputs"
    },
    "cot-oracle-paper-ablation-adam-recipe-1layer": {
      "mean": 0.013333333333333334,
      "lo": 0.0,
      "hi": 0.03333333333333333,
      "source": "raw_outputs"
    },
    "cot-oracle-paper-ablation-ours-1layer": {
      "mean": 0.03333333333333333,
      "lo": 0.006666666666666667,
      "hi": 0.06666666666666667,
      "source": "raw_outputs"
    },
    "cot-oracle-paper-ablation-ours-3layers": {
      "mean": 0.04,
      "lo": 0.013333333333333334,
      "hi": 0.07333333333333333,
      "source": "raw_outputs"
    },
    "cot-oracle-paper-ablation-ours-3layers-onpolicy-lens-only": {
      "mean": 0.07333333333333333,
      "lo": 0.03333333333333333,
      "hi": 0.12,
      "source": "raw_outputs"
    },
    "cot-oracle-qwen3-8b-final-sprint-checkpoint-no-DPO": {
      "mean": 0.04666666666666667,
      "lo": 0.013333333333333334,
      "hi": 0.08666666666666667,
      "source": "raw_outputs"
    },
    "cot-oracle-grpo-step-500": {
      "mean": 0.03333333333333333,
      "lo": 0.006666666666666667,
      "hi": 0.06666666666666667,
      "source": "raw_outputs"
    }
  },
  "mmlu_prediction": {
    "adam-reupload-qwen3-8b-latentqa-cls-past-lens": {
      "mean": 0.6890000000000001,
      "lo": 0.5865544704433497,
      "hi": 0.7762971091089212,
      "source": "raw_outputs"
    },
    "adam-reupload-qwen3-8b-full-mix-synthetic-qa-v3-replace-lqa": {
      "mean": 0.6918,
      "lo": 0.5843112395924553,
      "hi": 0.7767636698717948,
      "source": "raw_outputs"
    },
    "cot-oracle-paper-ablation-adam-recipe-1layer": {
      "mean": 0.6113,
      "lo": 0.5200554307568438,
      "hi": 0.7046978889627658,
      "source": "raw_outputs"
    },
    "cot-oracle-paper-ablation-ours-1layer": {
      "mean": 0.7046000000000001,
      "lo": 0.5991341414141413,
      "hi": 0.7938664411882779,
      "source": "raw_outputs"
    },
    "cot-oracle-paper-ablation-ours-3layers": {
      "mean": 0.6795,
      "lo": 0.5730806842737094,
      "hi": 0.7804457933741678,
      "source": "raw_outputs"
    },
    "cot-oracle-paper-ablation-ours-3layers-onpolicy-lens-only": {
      "mean": 0.7226999999999999,
      "lo": 0.6243495504136668,
      "hi": 0.8046826192237954,
      "source": "raw_outputs"
    },
    "cot-oracle-qwen3-8b-final-sprint-checkpoint-no-DPO": {
      "mean": 0.7036,
      "lo": 0.5937987500000002,
      "hi": 0.7948315101902829,
      "source": "raw_outputs"
    },
    "cot-oracle-grpo-step-500": {
      "mean": 0.7297,
      "lo": 0.6233389182571738,
      "hi": 0.8189702065089384,
      "source": "raw_outputs"
    }
  },
  "missing_info": {
    "adam-reupload-qwen3-8b-latentqa-cls-past-lens": {
      "mean": 0.6433333333333333,
      "lo": 0.4453339230429014,
      "hi": 0.7910021551724137,
      "source": "raw_outputs"
    },
    "adam-reupload-qwen3-8b-full-mix-synthetic-qa-v3-replace-lqa": {
      "mean": 0.6444444444444445,
      "lo": 0.4544472502805836,
      "hi": 0.8101778513824884,
      "source": "raw_outputs"
    },
    "cot-oracle-paper-ablation-adam-recipe-1layer": {
      "mean": 0.5822222222222222,
      "lo": 0.3778583134133419,
      "hi": 0.7513590314913844,
      "source": "raw_outputs"
    },
    "cot-oracle-paper-ablation-ours-1layer": {
      "mean": 0.7222222222222221,
      "lo": 0.5341638655462184,
      "hi": 0.8721198156682027,
      "source": "raw_outputs"
    },
    "cot-oracle-paper-ablation-ours-3layers": {
      "mean": 0.7333333333333333,
      "lo": 0.5534535972754363,
      "hi": 0.8798188025210084,
      "source": "raw_outputs"
    },
    "cot-oracle-paper-ablation-ours-3layers-onpolicy-lens-only": {
      "mean": 0.7433333333333334,
      "lo": 0.5647203947368422,
      "hi": 0.8897558620222281,
      "source": "raw_outputs"
    },
    "cot-oracle-qwen3-8b-final-sprint-checkpoint-no-DPO": {
      "mean": 0.711111111111111,
      "lo": 0.5251456755541724,
      "hi": 0.8641826923076922,
      "source": "raw_outputs"
    },
    "cot-oracle-grpo-step-500": {
      "mean": 0.7066666666666667,
      "lo": 0.5214828558465129,
      "hi": 0.8622575757575758,
      "source": "raw_outputs"
    }
  },
  "sycophancy": {
    "adam-reupload-qwen3-8b-latentqa-cls-past-lens": {
      "mean": 0.81765,
      "lo": 0.7776272418125166,
      "hi": 0.8551562557225688,
      "source": "raw_outputs"
    },
    "adam-reupload-qwen3-8b-full-mix-synthetic-qa-v3-replace-lqa": {
      "mean": 0.860225,
      "lo": 0.826107447476767,
      "hi": 0.8945032874994662,
      "source": "raw_outputs"
    },
    "cot-oracle-paper-ablation-adam-recipe-1layer": {
      "mean": 0.774675,
      "lo": 0.7305350751797862,
      "hi": 0.8148983087629678,
      "source": "raw_outputs"
    },