{
  "adam-reupload-qwen3-8b-full-mix-synthetic-qa-v3-replace-lqa": {
    "mean_normalized_score": 0.3089285714285714,
    "num_evals": 6,
    "per_eval_normalized": {
      "number_prediction": 0.1,
      "mmlu_prediction": 0.4285714285714286,
      "backtracking": 0.175,
      "vagueness": 1.0,
      "domain_confusion": 0.06666666666666667,
      "missing_info": 0.08333333333333326
    },
    "ci_lo": 0.3089285714285714,
    "ci_hi": 0.3089285714285714
  },
  "adam-reupload-qwen3-8b-latentqa-cls-past-lens": {
    "mean_normalized_score": 0.2517857142857143,
    "num_evals": 6,
    "per_eval_normalized": {
      "number_prediction": 0.03333333333333333,
      "mmlu_prediction": 0.6190476190476191,
      "backtracking": 0.175,
      "vagueness": 0.6,
      "domain_confusion": 0.16666666666666666,
      "missing_info": -0.08333333333333326
    },
    "ci_lo": 0.2517857142857143,
    "ci_hi": 0.2517857142857143
  },
  "cot-oracle-grpo-step-500": {
    "mean_normalized_score": 0.33769841269841266,
    "num_evals": 6,
    "per_eval_normalized": {
      "number_prediction": 0.06666666666666667,
      "mmlu_prediction": 0.4761904761904763,
      "backtracking": 0.25,
      "vagueness": 0.4,
      "domain_confusion": 0.3333333333333333,
      "missing_info": 0.5
    },
    "ci_lo": 0.33769841269841266,
    "ci_hi": 0.33769841269841266
  },
  "cot-oracle-paper-ablation-adam-recipe-1layer": {
    "mean_normalized_score": 0.22162698412698412,
    "num_evals": 6,
    "per_eval_normalized": {
      "number_prediction": 0.06666666666666667,
      "mmlu_prediction": 0.23809523809523814,
      "backtracking": 0.22499999999999998,
      "vagueness": 0.7,
      "domain_confusion": 0.26666666666666666,
      "missing_info": -0.16666666666666674
    },
    "ci_lo": 0.22162698412698412,
    "ci_hi": 0.22162698412698412
  },
  "cot-oracle-paper-ablation-ours-1layer": {
    "mean_normalized_score": 0.3623015873015873,
    "num_evals": 6,
    "per_eval_normalized": {
      "number_prediction": 0.06666666666666667,
      "mmlu_prediction": 0.5238095238095237,
      "backtracking": 0.2,
      "vagueness": 0.7,
      "domain_confusion": 0.26666666666666666,
      "missing_info": 0.41666666666666674
    },
    "ci_lo": 0.3623015873015873,
    "ci_hi": 0.3623015873015873
  },
  "cot-oracle-paper-ablation-ours-3layers-onpolicy-lens-only": {
    "mean_normalized_score": 0.41746031746031753,
    "num_evals": 6,
    "per_eval_normalized": {
      "number_prediction": 0.26666666666666666,
      "mmlu_prediction": 0.5714285714285716,
      "backtracking": 0.2,
      "vagueness": 0.9,
      "domain_confusion": 0.06666666666666667,
      "missing_info": 0.5
    },
    "ci_lo": 0.41746031746031753,
    "ci_hi": 0.41746031746031753
  },
  "cot-oracle-paper-ablation-ours-3layers": {
    "mean_normalized_score": 0.41884920634920636,
    "num_evals": 6,
    "per_eval_normalized": {
      "number_prediction": 0.13333333333333333,
      "mmlu_prediction": 0.5714285714285714,
      "backtracking": 0.175,
      "vagueness": 0.9,
      "domain_confusion": 0.23333333333333334,
      "missing_info": 0.5
    },
    "ci_lo": 0.41884920634920636,
    "ci_hi": 0.41884920634920636
  },
  "cot-oracle-qwen3-8b-final-sprint-checkpoint-no-DPO": {
    "mean_normalized_score": 0.3759920634920635,
    "num_evals": 6,
    "per_eval_normalized": {
      "number_prediction": 0.16666666666666666,
      "mmlu_prediction": 0.38095238095238093,
      "backtracking": 0.175,
      "vagueness": 0.9,
      "domain_confusion": 0.13333333333333333,
      "missing_info": 0.5
    },
    "ci_lo": 0.3759920634920635,
    "ci_hi": 0.3759920634920635
  }
}