{
  "number_prediction": {
    "adam-reupload-qwen3-8b-full-mix-synthetic-qa-v3-replace-lqa": {
      "mean": 0.1,
      "lo": 0.0,
      "hi": 0.2008333333333326,
      "source": "raw_outputs"
    },
    "adam-reupload-qwen3-8b-latentqa-cls-past-lens": {
      "mean": 0.03333333333333333,
      "lo": 0.0,
      "hi": 0.1,
      "source": "raw_outputs"
    },
    "cot-oracle-grpo-step-500": {
      "mean": 0.06666666666666667,
      "lo": 0.0,
      "hi": 0.16666666666666666,
      "source": "raw_outputs"
    },
    "cot-oracle-paper-ablation-adam-recipe-1layer": {
      "mean": 0.06666666666666667,
      "lo": 0.0,
      "hi": 0.16666666666666666,
      "source": "raw_outputs"
    },
    "cot-oracle-paper-ablation-ours-1layer": {
      "mean": 0.06666666666666667,
      "lo": 0.0,
      "hi": 0.2,
      "source": "raw_outputs"
    },
    "cot-oracle-paper-ablation-ours-3layers-onpolicy-lens-only": {
      "mean": 0.26666666666666666,
      "lo": 0.13333333333333333,
      "hi": 0.43333333333333335,
      "source": "raw_outputs"
    },
    "cot-oracle-paper-ablation-ours-3layers": {
      "mean": 0.13333333333333333,
      "lo": 0.03333333333333333,
      "hi": 0.26666666666666666,
      "source": "raw_outputs"
    },
    "cot-oracle-qwen3-8b-final-sprint-checkpoint-no-DPO": {
      "mean": 0.16666666666666666,
      "lo": 0.03333333333333333,
      "hi": 0.3333333333333333,
      "source": "raw_outputs"
    }
  },
  "mmlu_prediction": {
    "adam-reupload-qwen3-8b-full-mix-synthetic-qa-v3-replace-lqa": {
      "mean": 0.7142857142857143,
      "lo": 0.42827380952380956,
      "hi": 0.9999999999999999,
      "source": "raw_outputs"
    },
    "adam-reupload-qwen3-8b-latentqa-cls-past-lens": {
      "mean": 0.8095238095238095,
      "lo": 0.5,
      "hi": 1.0,
      "source": "raw_outputs"
    },
    "cot-oracle-grpo-step-500": {
      "mean": 0.7380952380952381,
      "lo": 0.4444444444444445,
      "hi": 1.0,
      "source": "raw_outputs"
    },
    "cot-oracle-paper-ablation-adam-recipe-1layer": {
      "mean": 0.6190476190476191,
      "lo": 0.375,
      "hi": 0.9169642857142856,
      "source": "raw_outputs"
    },
    "cot-oracle-paper-ablation-ours-1layer": {
      "mean": 0.7619047619047619,
      "lo": 0.37455357142857143,
      "hi": 1.0,
      "source": "raw_outputs"
    },
    "cot-oracle-paper-ablation-ours-3layers-onpolicy-lens-only": {
      "mean": 0.7857142857142858,
      "lo": 0.52,
      "hi": 1.0,
      "source": "raw_outputs"
    },
    "cot-oracle-paper-ablation-ours-3layers": {
      "mean": 0.7857142857142857,
      "lo": 0.3125,
      "hi": 1.0,
      "source": "raw_outputs"
    },
    "cot-oracle-qwen3-8b-final-sprint-checkpoint-no-DPO": {
      "mean": 0.6904761904761905,
      "lo": 0.37462500000000004,
      "hi": 0.96875,
      "source": "raw_outputs"
    }
  },
  "backtracking": {
    "adam-reupload-qwen3-8b-full-mix-synthetic-qa-v3-replace-lqa": {
      "mean": 1.7,
      "lo": 1.2,
      "hi": 2.4,
      "source": "raw_outputs"
    },
    "adam-reupload-qwen3-8b-latentqa-cls-past-lens": {
      "mean": 1.7,
      "lo": 1.1,
      "hi": 2.202499999999998,
      "source": "raw_outputs"
    },
    "cot-oracle-grpo-step-500": {
      "mean": 2.0,
      "lo": 1.3,
      "hi": 2.9,
      "source": "raw_outputs"
    },
    "cot-oracle-paper-ablation-adam-recipe-1layer": {
      "mean": 1.9,
      "lo": 1.1,
      "hi": 2.9,
      "source": "raw_outputs"
    },
    "cot-oracle-paper-ablation-ours-1layer": {
      "mean": 1.8,
      "lo": 1.4,
      "hi": 2.2,
      "source": "raw_outputs"
    },
    "cot-oracle-paper-ablation-ours-3layers-onpolicy-lens-only": {
      "mean": 1.8,
      "lo": 1.2,
      "hi": 2.4,
      "source": "raw_outputs"
    },
    "cot-oracle-paper-ablation-ours-3layers": {
      "mean": 1.7,
      "lo": 1.3,
      "hi": 2.1,
      "source": "raw_outputs"
    },
    "cot-oracle-qwen3-8b-final-sprint-checkpoint-no-DPO": {
      "mean": 1.7,
      "lo": 1.1,
      "hi": 2.4,
      "source": "raw_outputs"
    }
  },
  "vagueness": {
    "adam-reupload-qwen3-8b-full-mix-synthetic-qa-v3-replace-lqa": {
      "mean": 1.0,
      "lo": 1.0,
      "hi": 1.0,
      "source": "raw_outputs"
    },
    "adam-reupload-qwen3-8b-latentqa-cls-past-lens": {
      "mean": 0.6,
      "lo": 0.3,
      "hi": 0.9,
      "source": "raw_outputs"
    },
    "cot-oracle-grpo-step-500": {
      "mean": 0.4,
      "lo": 0.1,
      "hi": 0.7,
      "source": "raw_outputs"
    },
    "cot-oracle-paper-ablation-adam-recipe-1layer": {
      "mean": 0.7,
      "lo": 0.4,
      "hi": 1.0,
      "source": "raw_outputs"
    },
    "cot-oracle-paper-ablation-ours-1layer": {
      "mean": 0.7,
      "lo": 0.4,
      "hi": 1.0,
      "source": "raw_outputs"
    },
    "cot-oracle-paper-ablation-ours-3layers-onpolicy-lens-only": {
      "mean": 0.9,
      "lo": 0.7,
      "hi": 1.0,
      "source": "raw_outputs"
    },
    "cot-oracle-paper-ablation-ours-3layers": {
      "mean": 0.9,
      "lo": 0.7,
      "hi": 1.0,
      "source": "raw_outputs"
    },
    "cot-oracle-qwen3-8b-final-sprint-checkpoint-no-DPO": {
      "mean": 0.9,
      "lo": 0.7,
      "hi": 1.0,
      "source": "raw_outputs"
    }
  },
  "domain_confusion": {
    "adam-reupload-qwen3-8b-full-mix-synthetic-qa-v3-replace-lqa": {
      "mean": 0.06666666666666667,
      "lo": 0.0,
      "hi": 0.16666666666666666,
      "source": "raw_outputs"
    },
    "adam-reupload-qwen3-8b-latentqa-cls-past-lens": {
      "mean": 0.16666666666666666,
      "lo": 0.03333333333333333,
      "hi": 0.3,
      "source": "raw_outputs"
    },
    "cot-oracle-grpo-step-500": {
      "mean": 0.3333333333333333,
      "lo": 0.16666666666666666,
      "hi": 0.5,
      "source": "raw_outputs"
    },
    "cot-oracle-paper-ablation-adam-recipe-1layer": {
      "mean": 0.26666666666666666,
      "lo": 0.13333333333333333,
      "hi": 0.43333333333333335,
      "source": "raw_outputs"
    },
    "cot-oracle-paper-ablation-ours-1layer": {
      "mean": 0.26666666666666666,
      "lo": 0.13333333333333333,
      "hi": 0.43333333333333335,
      "source": "raw_outputs"
    },
    "cot-oracle-paper-ablation-ours-3layers-onpolicy-lens-only": {
      "mean": 0.06666666666666667,
      "lo": 0.0,
      "hi": 0.16666666666666666,
      "source": "raw_outputs"
    },
    "cot-oracle-paper-ablation-ours-3layers": {
      "mean": 0.23333333333333334,
      "lo": 0.06666666666666667,
      "hi": 0.4,
      "source": "raw_outputs"
    },
    "cot-oracle-qwen3-8b-final-sprint-checkpoint-no-DPO": {
      "mean": 0.13333333333333333,
      "lo": 0.0,
      "hi": 0.3,
      "source": "raw_outputs"
    }
  },
  "missing_info": {
    "adam-reupload-qwen3-8b-full-mix-synthetic-qa-v3-replace-lqa": {
      "mean": 0.5416666666666666,
      "lo": 0.12487500000000001,
      "hi": 0.8888888888888888,
      "source": "raw_outputs"
    },
    "adam-reupload-qwen3-8b-latentqa-cls-past-lens": {
      "mean": 0.45833333333333337,
      "lo": 0.0,
      "hi": 0.8575892857142854,
      "source": "raw_outputs"
    },
    "cot-oracle-grpo-step-500": {
      "mean": 0.75,
      "lo": 0.3333333333333333,
      "hi": 1.0,
      "source": "raw_outputs"
    },
    "cot-oracle-paper-ablation-adam-recipe-1layer": {
      "mean": 0.41666666666666663,
      "lo": 0.0,
      "hi": 0.8571428571428572,
      "source": "raw_outputs"
    },
    "cot-oracle-paper-ablation-ours-1layer": {
      "mean": 0.7083333333333334,
      "lo": 0.29166666666666663,
      "hi": 1.0,
      "source": "raw_outputs"
    },
    "cot-oracle-paper-ablation-ours-3layers-onpolicy-lens-only": {
      "mean": 0.75,
      "lo": 0.33333333333333337,
      "hi": 1.0,
      "source": "raw_outputs"
    },
    "cot-oracle-paper-ablation-ours-3layers": {
      "mean": 0.75,
      "lo": 0.33333333333333337,
      "hi": 1.0,
      "source": "raw_outputs"
    },
    "cot-oracle-qwen3-8b-final-sprint-checkpoint-no-DPO": {
      "mean": 0.75,
      "lo": 0.33333333333333337,