{
  "checkpoints_latentqa_cls_past_lens_addition_Qwen3-8B": {
    "mean_normalized_score": 0.17826984126984122,
    "num_evals": 7,
    "per_eval_normalized": {
      "number_prediction": 0.006666666666666667,
      "mmlu_prediction": 0.37539999999999996,
      "backtracking": 0.02777777777777779,
      "missing_info": 0.2844444444444443,
      "sycophancy": 0.4536,
      "vagueness": 0.1,
      "domain_confusion": 0.0
    },
    "ci_lo": 0.17826984126984127,
    "ci_hi": 0.17826984126984127
  },
  "checkpoints_Qwen3-8B_full_mix_synthetic_qa_v3_replace_lqa": {
    "mean_normalized_score": 0.33963055555555555,
    "num_evals": 8,
    "per_eval_normalized": {
      "number_prediction": 0.04,
      "mmlu_prediction": 0.3859999999999999,
      "backtracking": 0.0,
      "missing_info": 0.5244444444444445,
      "sycophancy": 0.6665999999999999,
      "vagueness": 0.3,
      "domain_confusion": 0.0,
      "activation_sensitivity": 0.8
    },
    "ci_lo": 0.33963055555555555,
    "ci_hi": 0.33963055555555555
  },
  "cot-oracle-qwen3-8b-final-sprint-checkpoint-no-DPO": {
    "mean_normalized_score": 0.22744537037037038,
    "num_evals": 6,
    "per_eval_normalized": {
      "number_prediction": 0.02666666666666667,
      "mmlu_prediction": 0.3635999999999999,
      "missing_info": 0.47555555555555573,
      "sycophancy": 0.49885,
      "vagueness": 0.0,
      "domain_confusion": 0.0
    },
    "ci_lo": 0.22744537037037038,
    "ci_hi": 0.22744537037037038
  },
  "cot-oracle-grpo-v1": {
    "mean_normalized_score": 0.2818833333333334,
    "num_evals": 8,
    "per_eval_normalized": {
      "number_prediction": 0.02666666666666667,
      "mmlu_prediction": 0.36040000000000005,
      "backtracking": 0.04999999999999999,
      "missing_info": 0.4666666666666668,
      "sycophancy": 0.31800000000000006,
      "vagueness": 0.3333333333333333,
      "domain_confusion": 0.0,
      "activation_sensitivity": 0.7
    },
    "ci_lo": 0.2818833333333334,
    "ci_hi": 0.2818833333333334
  }
}